file,wave,study,description
wave_one_lsype_family_background_2020,14y,5545,Sweep 1 (Age 14) Family Background Data File
wave_one_lsype_household_grid_file_2020,14y,5545,Sweep 1 (Age 14) Household Grid Data File
wave_one_lsype_parental_attitudes_file_16_05_08,14y,5545,Wave One Parental Attitudes Data File
wave_one_lsype_young_person_2020,14y,5545,Sweep 1 (Age 14) Young Person Data File
wave_two_lsype_family_background_2020,15y,5545,Sweep 2 (Age 15) Family Background Data File
wave_two_lsype_household_grid_file_2020,15y,5545,Sweep 2 (Age 15) Household Grid Data File
wave_two_lsype_parental_attitudes_file_16_06_08,15y,5545,Wave Two Parental Attitudes Data File
wave_two_lsype_young_person_2020,15y,5545,Sweep 2 (Age 15) Young Person Data File
wave_three_lsype_family_background_2020,16y,5545,Sweep 3 (Age 16) Family Background Data File
wave_three_lsype_household_grid_file_2020,16y,5545,Sweep 3 (Age 16) Household Grid Data File
wave_three_lsype_parental_attitudes_file_16_06_08,16y,5545,Wave Three Parental Attitudes Data File
wave_three_lsype_young_person_2020,16y,5545,Sweep 3 (Age 16) Young Person Data File
wave_four_activity_history_file_2020,17y,5545,Sweep 4 (Age 17) Activity History Data File
wave_four_lsype_family_background_2020,17y,5545,Sweep 4 (Age 17) Family Background Data File
wave_four_lsype_history_2020,17y,5545,Sweep 4 (Age 17) History Data File
wave_four_lsype_household_grid_file_2020,17y,5545,Sweep 4 (Age 17) Household Grid Data File
wave_four_lsype_parental_attitudes_june_2009,17y,5545,Wave Four Parental Attitudes Data File
wave_four_lsype_young_person_2020,17y,5545,Sweep 4 (Age 17) Young Person Data File
wave_five_activity_history_file_2020,18y,5545,Sweep 5 (Age 18) Activity History Data File
wave_five_lsype_family_background_2020,18y,5545,Sweep 5 (Age 18) Family Background Data File
wave_five_lsype_household_grid_file_2020,18y,5545,Sweep 5 (Age 18) Household Grid Data File
wave_five_lsype_young_person_2020,18y,5545,Sweep 5 (Age 18) Young Person Data File
wave_six_activity_history_file_2020,19y,5545,Sweep 6 (Age 19) Activity History Data File
wave_six_lsype_household_grid_file_2020,19y,5545,Sweep 6 (Age 19) Household Grid Data File
wave_six_lsype_young_person_2020,19y,5545,Sweep 6 (Age 19) Young Person Data File
wave_seven_activity_history_file_2020,20y,5545,Sweep 7 (Age 20) Activity History Data File
wave_seven_lsype_household_grid_file_2020,20y,5545,Sweep 7 (Age 20) Household Grid Data File
wave_seven_lsype_young_person_2020,20y,5545,Sweep 7 (Age 20) Young Person Data File
ns8_2015_activity_history,25y,5545,Wave Eight Activity History Data File
ns8_2015_benefits,25y,5545,Wave Eight Benefits Data File
ns8_2015_benefits_unfolding_brackets,25y,5545,Wave Eight Benefits Unfolding Brackets Data File
ns8_2015_children,25y,5545,Wave Eight Child Data File
ns8_2015_derived,25y,5545,Wave Eight Derived Data File
ns8_2015_household_members,25y,5545,Wave Eight Household Members Data File
ns8_2015_income_unfolding_brackets,25y,5545,Wave Eight Income Unfolding Brackets Data File
ns8_2015_main_interview,25y,5545,Wave Eight Main Interview Data File
ns8_2015_partnerships,25y,5545,Wave Eight Partnerships Data File
ns8_2015_self_completion,25y,5545,Wave Eight Self-Completion Data File
ns9_2022_activity_history,32y,5545,Age 32 (Sweep 9) Activity History Data File
ns9_2022_benefits,32y,5545,Age 32 (Sweep 9) Benefits Data File
ns9_2022_children_with_non_resident_parent,32y,5545,Age 32 (Sweep 9) Children with Non-Resident Parent Data File
ns9_2022_cognitive_test,32y,5545,Age 32 (Sweep 9) Cognitive Tests Data File
ns9_2022_derived_variables,32y,5545,Age 32 (Sweep 9) Derived Variables Data File
ns9_2022_main_interview,32y,5545,Age 32 (Sweep 9) Main Interview Data File
ns9_2022_non_resident_children,32y,5545,Age 32 (Sweep 9) Non-Resident Children Data File
ns9_2022_partnerships,32y,5545,Age 32 (Sweep 9) Partnerships Data File
ns9_2022_person_grid,32y,5545,Age 32 (Sweep 9) Person Grid Data File
ns9_2022_pregnancy_history,32y,5545,Age 32 (Sweep 9) Pregnancy History Data File
lsype_history_file_wave_one_and_wave_two_june_2008,xwave,5545,History File Wave One and Two Data File
lsype_main_activity_w4-7_nov2011_suppressed,xwave,5545,Main Activity Wave One to Seven Data File
next_steps_activities_longitudinal,xwave,5545,Longitudinal Activity History Sweeps 4-8 Data File
ns9_2022_longitudinal_file,xwave,5545,Longitudinal File for Sweeps 1-9 Data File
