pos,variable,variable_label,variable_type,measurement_level,spss_user_missing_values,value_labels_json
1,BCSID,research case identifier,NA,NA,NA,[]
2,RELNO,sortkey: Loop ID,numeric,NOMINAL,NA,[]
3,B10RNRANY,Whether living with someone as a couple,numeric,NOMINAL,-9.0 thru -8.0 and -1.0,"[{""value"":""-9.0"",""label"":""Refused""},{""value"":""-8.0"",""label"":""Not known""},{""value"":""-1.0"",""label"":""Not applicable""},{""value"":""1.0"",""label"":""Yes""},{""value"":""2.0"",""label"":""No""}]"
4,B10RSTM,When started living together - Month,numeric,NOMINAL,-9.0 thru -8.0 and -1.0,"[{""value"":""-9.0"",""label"":""Refused""},{""value"":""-8.0"",""label"":""Not known""},{""value"":""-1.0"",""label"":""Not applicable""},{""value"":""1.0"",""label"":""January""},{""value"":""2.0"",""label"":""February""},{""value"":""3.0"",""label"":""March""},{""value"":""4.0"",""label"":""April""},{""value"":""5.0"",""label"":""May""},{""value"":""6.0"",""label"":""June""},{""value"":""7.0"",""label"":""July""},{""value"":""8.0"",""label"":""August""},{""value"":""9.0"",""label"":""September""},{""value"":""10.0"",""label"":""October""},{""value"":""11.0"",""label"":""November""},{""value"":""12.0"",""label"":""December""}]"
5,B10RSTY,When started living together - Year,numeric,SCALE,-9.0 thru -8.0 and -1.0,"[{""value"":""-9.0"",""label"":""Refused""},{""value"":""-8.0"",""label"":""Not known""},{""value"":""-1.0"",""label"":""Not applicable""}]"
6,B10RSEX,Partner sex,numeric,NOMINAL,-9.0 thru -8.0 and -1.0,"[{""value"":""-9.0"",""label"":""Refused""},{""value"":""-8.0"",""label"":""Not known""},{""value"":""-1.0"",""label"":""Not applicable""},{""value"":""1.0"",""label"":""Male""},{""value"":""2.0"",""label"":""Female""}]"
7,B10RDOBM,Partner date of birth - Month,numeric,NOMINAL,-9.0 thru -8.0 and -1.0,"[{""value"":""-9.0"",""label"":""Refused""},{""value"":""-8.0"",""label"":""Not known""},{""value"":""-1.0"",""label"":""Not applicable""},{""value"":""1.0"",""label"":""January""},{""value"":""2.0"",""label"":""February""},{""value"":""3.0"",""label"":""March""},{""value"":""4.0"",""label"":""April""},{""value"":""5.0"",""label"":""May""},{""value"":""6.0"",""label"":""June""},{""value"":""7.0"",""label"":""July""},{""value"":""8.0"",""label"":""August""},{""value"":""9.0"",""label"":""September""},{""value"":""10.0"",""label"":""October""},{""value"":""11.0"",""label"":""November""},{""value"":""12.0"",""label"":""December""}]"
8,B10RDOBY,Partner date of birth - Year,numeric,SCALE,-9.0 thru -8.0 and -1.0,"[{""value"":""-9.0"",""label"":""Refused""},{""value"":""-8.0"",""label"":""Not known""},{""value"":""-1.0"",""label"":""Not applicable""}]"
9,B10RAGE,Partner age,numeric,SCALE,-9.0 thru -8.0 and -1.0,"[{""value"":""-9.0"",""label"":""Refused""},{""value"":""-8.0"",""label"":""Not known""},{""value"":""-1.0"",""label"":""Not applicable""}]"
10,B10RNOWMA,Whether married partner,numeric,NOMINAL,-9.0 thru -8.0 and -1.0,"[{""value"":""-9.0"",""label"":""Refused""},{""value"":""-8.0"",""label"":""Not known""},{""value"":""-1.0"",""label"":""Not applicable""},{""value"":""1.0"",""label"":""Yes – got married""},{""value"":""2.0"",""label"":""Yes – formed a civil partnership""},{""value"":""3.0"",""label"":""No""}]"
11,B10RWHMAM,Date of marriage - Month,numeric,NOMINAL,-9.0 thru -8.0 and -1.0,"[{""value"":""-9.0"",""label"":""Refused""},{""value"":""-8.0"",""label"":""Not known""},{""value"":""-1.0"",""label"":""Not applicable""},{""value"":""1.0"",""label"":""January""},{""value"":""2.0"",""label"":""February""},{""value"":""3.0"",""label"":""March""},{""value"":""4.0"",""label"":""April""},{""value"":""5.0"",""label"":""May""},{""value"":""6.0"",""label"":""June""},{""value"":""7.0"",""label"":""July""},{""value"":""8.0"",""label"":""August""},{""value"":""9.0"",""label"":""September""},{""value"":""10.0"",""label"":""October""},{""value"":""11.0"",""label"":""November""},{""value"":""12.0"",""label"":""December""}]"
12,B10RWHMAY,Date of marriage - Year,numeric,SCALE,-9.0 thru -8.0 and -1.0,"[{""value"":""-9.0"",""label"":""Refused""},{""value"":""-8.0"",""label"":""Not known""},{""value"":""-1.0"",""label"":""Not applicable""}]"
13,B10RSLIVE,Whether still live together as a couple,numeric,NOMINAL,-9.0 thru -8.0 and -1.0,"[{""value"":""-9.0"",""label"":""Refused""},{""value"":""-8.0"",""label"":""Not known""},{""value"":""-1.0"",""label"":""Not applicable""},{""value"":""1.0"",""label"":""Yes""},{""value"":""2.0"",""label"":""No""}]"
14,B10RLIVPA,Whether lived with partner continuously,numeric,NOMINAL,-9.0 thru -8.0 and -1.0,"[{""value"":""-9.0"",""label"":""Refused""},{""value"":""-8.0"",""label"":""Not known""},{""value"":""-1.0"",""label"":""Not applicable""},{""value"":""1.0"",""label"":""Yes""},{""value"":""2.0"",""label"":""No""}]"
15,B10RHWEND,Whether split up or partner died,numeric,NOMINAL,-9.0 thru -8.0 and -1.0,"[{""value"":""-9.0"",""label"":""Refused""},{""value"":""-8.0"",""label"":""Not known""},{""value"":""-1.0"",""label"":""Not applicable""},{""value"":""1.0"",""label"":""No longer a couple""},{""value"":""2.0"",""label"":""Partner died""},{""value"":""3.0"",""label"":""Still a couple but not living together""}]"
16,B10RENDM,When stopped living together - Month,numeric,NOMINAL,-9.0 thru -8.0 and -1.0,"[{""value"":""-9.0"",""label"":""Refused""},{""value"":""-8.0"",""label"":""Not known""},{""value"":""-1.0"",""label"":""Not applicable""},{""value"":""1.0"",""label"":""January""},{""value"":""2.0"",""label"":""February""},{""value"":""3.0"",""label"":""March""},{""value"":""4.0"",""label"":""April""},{""value"":""5.0"",""label"":""May""},{""value"":""6.0"",""label"":""June""},{""value"":""7.0"",""label"":""July""},{""value"":""8.0"",""label"":""August""},{""value"":""9.0"",""label"":""September""},{""value"":""10.0"",""label"":""October""},{""value"":""11.0"",""label"":""November""},{""value"":""12.0"",""label"":""December""}]"
17,B10RENDY,When stopped living together - Year,numeric,SCALE,-9.0 thru -8.0 and -1.0,"[{""value"":""-9.0"",""label"":""Refused""},{""value"":""-8.0"",""label"":""Not known""},{""value"":""-1.0"",""label"":""Not applicable""}]"
18,B10RDIVOR,Whether divorced,numeric,NOMINAL,-9.0 thru -8.0 and -1.0,"[{""value"":""-9.0"",""label"":""Refused""},{""value"":""-8.0"",""label"":""Not known""},{""value"":""-1.0"",""label"":""Not applicable""},{""value"":""1.0"",""label"":""Yes""},{""value"":""2.0"",""label"":""No""}]"
19,B10RDIVM,When divorced - Month,numeric,NOMINAL,-9.0 thru -8.0 and -1.0,"[{""value"":""-9.0"",""label"":""Refused""},{""value"":""-8.0"",""label"":""Not known""},{""value"":""-1.0"",""label"":""Not applicable""},{""value"":""1.0"",""label"":""January""},{""value"":""2.0"",""label"":""February""},{""value"":""3.0"",""label"":""March""},{""value"":""4.0"",""label"":""April""},{""value"":""5.0"",""label"":""May""},{""value"":""6.0"",""label"":""June""},{""value"":""7.0"",""label"":""July""},{""value"":""8.0"",""label"":""August""},{""value"":""9.0"",""label"":""September""},{""value"":""10.0"",""label"":""October""},{""value"":""11.0"",""label"":""November""},{""value"":""12.0"",""label"":""December""}]"
20,B10RDIVY,When divorced - Year,numeric,SCALE,-9.0 thru -8.0 and -1.0,"[{""value"":""-9.0"",""label"":""Refused""},{""value"":""-8.0"",""label"":""Not known""},{""value"":""-1.0"",""label"":""Not applicable""}]"
21,FF_H_NUM,HH grid person number,numeric,NOMINAL,-1.0 thru None,"[{""value"":""-1.0"",""label"":""Not applicable""}]"
22,FF_H_PSLOT9,HH grid person swp9 slot,numeric,NOMINAL,-1.0 thru None,"[{""value"":""-1.0"",""label"":""Not applicable""}]"
23,FF_H_GENDER,HH grid person sex,numeric,NOMINAL,-1.0 thru None,"[{""value"":""-1.0"",""label"":""Not applicable""}]"
24,FF_H_REL,HH grid person relationship to CM,numeric,NOMINAL,-1.0 thru None,"[{""value"":""-1.0"",""label"":""Not applicable""}]"
25,FF_H_ALIVE,Whether known to have died,numeric,NOMINAL,-1.0 thru None,"[{""value"":""-1.0"",""label"":""Not applicable""}]"
26,FF_H_LIVE,Whether in household at last interview,numeric,NOMINAL,-1.0 thru None,"[{""value"":""-1.0"",""label"":""Not applicable""}]"
27,FF_H_CPART,Whether current partner at last intervew,numeric,NOMINAL,-1.0 thru None,"[{""value"":""-1.0"",""label"":""Not applicable""}]"
28,FF_H_UNF,HH grid person whether unfinished rel with CM,numeric,NOMINAL,-1.0 thru None,"[{""value"":""-1.0"",""label"":""Not applicable""}]"
29,FF_H_DOBM,HH Grid person Date of birth - Month,numeric,NOMINAL,-1.0 thru None,"[{""value"":""-1.0"",""label"":""Not applicable""}]"
30,FF_H_DOBY,HH Grid person Date of birth - Year,numeric,SCALE,-1.0 thru None,"[{""value"":""-1.0"",""label"":""Not applicable""}]"
31,B10RCPREV,Whether previous partner,numeric,NOMINAL,NA,"[{""value"":""-8.0"",""label"":""No information""},{""value"":""-1.0"",""label"":""Not applicable""},{""value"":""1.0"",""label"":""Partner at previous interview""},{""value"":""2.0"",""label"":""New partner""}]"
