pos,variable,variable_label,variable_type,measurement_level,spss_user_missing_values,value_labels_json
1,BCSID,research case identifier,NA,NA,NA,[]
2,WHQUALID,Within qualification record number,numeric,NOMINAL,-9.0 thru -8.0 and -1.0,[]
3,QUALID,sortkey: Qualifications record number,numeric,NOMINAL,NA,[]
4,B10QUALTP,Type of qualification,numeric,NOMINAL,-9.0 thru -8.0 and -1.0,"[{""value"": ""-9.0"", ""label"": ""Refused""}, {""value"": ""-8.0"", ""label"": ""Don't know""}, {""value"": ""-1.0"", ""label"": ""Not applicable""}, {""value"": ""1.0"", ""label"": ""GCSE grade A-C""}, {""value"": ""2.0"", ""label"": ""GCSE grade D or E""}, {""value"": ""3.0"", ""label"": ""AS level grade A-C""}, {""value"": ""4.0"", ""label"": ""AS level grade D or E""}, {""value"": ""5.0"", ""label"": ""A level grade A-C""}, {""value"": ""6.0"", ""label"": ""A level grade D or E""}, {""value"": ""7.0"", ""label"": ""Access 3 qualification""}, {""value"": ""8.0"", ""label"": ""Standard grade qualification""}, {""value"": ""9.0"", ""label"": ""Intermediate 1 qualification""}, {""value"": ""10.0"", ""label"": ""Intermediate 2 qualification""}, {""value"": ""11.0"", ""label"": ""Highers""}, {""value"": ""12.0"", ""label"": ""Advanced Highers""}, {""value"": ""13.0"", ""label"": ""Certificate of Sixth Year Studies quali""}, {""value"": ""15.0"", ""label"": ""Degree""}, {""value"": ""16.0"", ""label"": ""Other degree level qualification""}, {""value"": ""17.0"", ""label"": ""Higher degree""}, {""value"": ""18.0"", ""label"": ""Nursing or paramedical qualification""}, {""value"": ""20.0"", ""label"": ""Other teaching qualifications""}, {""value"": ""21.0"", ""label"": ""BTEC""}, {""value"": ""22.0"", ""label"": ""City and Guilds qualification""}, {""value"": ""23.0"", ""label"": ""Level of RSA Qualif""}, {""value"": ""24.0"", ""label"": ""Pitman qualification""}, {""value"": ""25.0"", ""label"": ""NVQ qualification""}, {""value"": ""26.0"", ""label"": ""GNVQ qualification""}, {""value"": ""27.0"", ""label"": ""ONC/OND qualification""}, {""value"": ""28.0"", ""label"": ""HNC/HND qualification""}, {""value"": ""29.0"", ""label"": ""Trade apprenticeship qualification""}, {""value"": ""32.0"", ""label"": ""Type of other qualification obtained""}]"
5,B10EWHEN,Year obtained qualification,numeric,SCALE,NA,"[{""value"": ""-9.0"", ""label"": ""Refused""}, {""value"": ""-8.0"", ""label"": ""Don't know""}, {""value"": ""-1.0"", ""label"": ""Not applicable""}]"
6,B10EFTPT,Whether studied full or part-time,numeric,SCALE,NA,"[{""value"": ""-9.0"", ""label"": ""Refused""}, {""value"": ""-8.0"", ""label"": ""Don't know""}, {""value"": ""-1.0"", ""label"": ""Not applicable""}, {""value"": ""1.0"", ""label"": ""Full-time""}, {""value"": ""2.0"", ""label"": ""Part-time""}]"
7,B10EFEES,Who paid fees for course,numeric,SCALE,NA,"[{""value"": ""-9.0"", ""label"": ""Refused""}, {""value"": ""-8.0"", ""label"": ""Don't know""}, {""value"": ""-1.0"", ""label"": ""Not applicable""}, {""value"": ""1.0"", ""label"": ""Employer""}, {""value"": ""2.0"", ""label"": ""Respondent, family member or relative""}, {""value"": ""3.0"", ""label"": ""Someone else""}, {""value"": ""4.0"", ""label"": ""There were no fees""}]"
8,B10EDEGGR,Degree Grade,numeric,SCALE,NA,"[{""value"": ""-9.0"", ""label"": ""Refused""}, {""value"": ""-8.0"", ""label"": ""Don't know""}, {""value"": ""-1.0"", ""label"": ""Not applicable""}, {""value"": ""1.0"", ""label"": ""First""}, {""value"": ""2.0"", ""label"": ""Upper second [2:1]""}, {""value"": ""3.0"", ""label"": ""Lower second [2:2]""}, {""value"": ""4.0"", ""label"": ""Third""}, {""value"": ""5.0"", ""label"": ""Pass""}]"
9,B10BTECLV,Level of BTEC Qualification,numeric,SCALE,NA,"[{""value"": ""-9.0"", ""label"": ""Refused""}, {""value"": ""-8.0"", ""label"": ""Don't know""}, {""value"": ""-1.0"", ""label"": ""Not applicable""}, {""value"": ""1.0"", ""label"": ""First / General certificate""}, {""value"": ""2.0"", ""label"": ""First / General Diploma""}, {""value"": ""3.0"", ""label"": ""National certificate diploma""}, {""value"": ""4.0"", ""label"": ""Higher certificate diploma""}, {""value"": ""5.0"", ""label"": ""Other BTEC qualification""}]"
10,B10CITYLV,Level of City and Guilds Qualification,numeric,SCALE,NA,"[{""value"": ""-9.0"", ""label"": ""Refused""}, {""value"": ""-8.0"", ""label"": ""Don't know""}, {""value"": ""-1.0"", ""label"": ""Not applicable""}, {""value"": ""1.0"", ""label"": ""Part 1""}, {""value"": ""2.0"", ""label"": ""Part 2/Craft/Intermediate""}, {""value"": ""3.0"", ""label"": ""Part 3/Final/Advanced Craft""}, {""value"": ""4.0"", ""label"": ""Part 4/Career Extension/Full tech cert""}, {""value"": ""5.0"", ""label"": ""Other C&G qualification""}]"
11,B10RSALV,Level of RSA Qualification,numeric,SCALE,NA,"[{""value"": ""-9.0"", ""label"": ""Refused""}, {""value"": ""-8.0"", ""label"": ""Don't know""}, {""value"": ""-1.0"", ""label"": ""Not applicable""}, {""value"": ""1.0"", ""label"": ""Certificate""}, {""value"": ""2.0"", ""label"": ""First Diploma""}, {""value"": ""3.0"", ""label"": ""Advanced diploma or certificate""}, {""value"": ""4.0"", ""label"": ""Higher diploma""}, {""value"": ""5.0"", ""label"": ""Other RSA qualification""}]"
12,B10PITLV,Level of Pitman Qualification,numeric,SCALE,NA,"[{""value"": ""-9.0"", ""label"": ""Refused""}, {""value"": ""-8.0"", ""label"": ""Don't know""}, {""value"": ""-1.0"", ""label"": ""Not applicable""}, {""value"": ""1.0"", ""label"": ""Level 1""}, {""value"": ""2.0"", ""label"": ""Level 2""}, {""value"": ""3.0"", ""label"": ""Level 3""}, {""value"": ""4.0"", ""label"": ""Other Pitman qualification""}]"
13,B10NVQLV,Level of NVQ Qualification,numeric,SCALE,NA,"[{""value"": ""-9.0"", ""label"": ""Refused""}, {""value"": ""-8.0"", ""label"": ""Don't know""}, {""value"": ""-1.0"", ""label"": ""Not applicable""}, {""value"": ""1.0"", ""label"": ""Level 1""}, {""value"": ""2.0"", ""label"": ""Level 2""}, {""value"": ""3.0"", ""label"": ""Level 3""}, {""value"": ""4.0"", ""label"": ""Level 4""}, {""value"": ""5.0"", ""label"": ""Level 5""}, {""value"": ""6.0"", ""label"": ""Level 6""}, {""value"": ""7.0"", ""label"": ""Trusts towards NVQ/SVQ""}, {""value"": ""8.0"", ""label"": ""Other NVQ""}]"
14,B10GNVQLV,Level of GNVQ Qualification,numeric,SCALE,NA,"[{""value"": ""-9.0"", ""label"": ""Refused""}, {""value"": ""-8.0"", ""label"": ""Don't know""}, {""value"": ""-1.0"", ""label"": ""Not applicable""}, {""value"": ""1.0"", ""label"": ""Foundation""}, {""value"": ""2.0"", ""label"": ""Intermediate""}, {""value"": ""3.0"", ""label"": ""Advanced""}, {""value"": ""4.0"", ""label"": ""Other GNVQ qualification""}]"
15,B10ONCLV,Level of ONC/OND Qualification,numeric,SCALE,NA,"[{""value"": ""-9.0"", ""label"": ""Refused""}, {""value"": ""-8.0"", ""label"": ""Don't know""}, {""value"": ""-1.0"", ""label"": ""Not applicable""}, {""value"": ""1.0"", ""label"": ""Pass""}, {""value"": ""2.0"", ""label"": ""Merit""}, {""value"": ""3.0"", ""label"": ""Distinction""}]"
16,B10HNCLV,Level of HNC Qualification,numeric,SCALE,NA,"[{""value"": ""-9.0"", ""label"": ""Refused""}, {""value"": ""-8.0"", ""label"": ""Don't know""}, {""value"": ""-1.0"", ""label"": ""Not applicable""}, {""value"": ""1.0"", ""label"": ""Pass""}, {""value"": ""2.0"", ""label"": ""Merit""}, {""value"": ""3.0"", ""label"": ""Distinction""}]"
